time_s,x,y,z
0.051002316,0.033819382039405294,-0.11996592269942148,0.32345416190383974
0.10131169,0.033819382039405294,-0.11996592269942148,0.32345416190383974
0.151321659,0.033819382039405294,-0.11996592269942148,0.32345416190383974
0.201345589,0.033819382039405294,-0.11996592269942148,0.32345416190383974
0.251229576,0.033819382039405294,-0.11996592269942148,0.32345416190383974
0.301342126,0.033819382039405294,-0.11996592269942148,0.32345416190383974
0.351484758,0.033819382039405294,-0.11996592269942148,0.32345416190383974
0.401359075,0.033819382039405294,-0.11996592269942148,0.32345416190383974
0.451392914,0.033819382039405294,-0.11996592269942148,0.32345416190383974
0.501358163,0.033819382039405294,-0.11996592269942148,0.32345416190383974
0.551472463,0.033819382039405294,-0.11996592269942148,0.32345416190383974
0.601460102,0.033819382039405294,-0.11996592269942148,0.32345416190383974
0.651043294,0.033819382039405294,-0.11996592269942148,0.32345416190383974
0.701367239,0.033819382039405294,-0.11996592269942148,0.32345416190383974
0.751328007,0.033819382039405294,-0.11996592269942148,0.32345416190383974
0.801350336,0.033819382039405294,-0.11996592269942148,0.32345416190383974
0.851309994,0.033819382039405294,-0.11996592269942148,0.32345416190383974
0.901334414,0.033819382039405294,-0.11996592269942148,0.32345416190383974
0.951239421,0.033819382039405294,-0.11996592269942148,0.32345416190383974
1.001329662,0.033819382039405294,-0.11996592269942148,0.32345416190383974
1.05130129,0.033819382039405294,-0.11996592269942148,0.32345416190383974
1.101322519,0.033819382039405294,-0.11996592269942148,0.32345416190383974
1.151376889,0.033819382039405294,-0.11996592269942148,0.32345416190383974
1.201565911,0.033819382039405294,-0.11996592269942148,0.32345416190383974
1.251289885,0.0346170349506764,-0.11996361342742445,0.323454128077959
1.301286904,0.035415517849054,-0.11996043681324874,0.32345408662901914
1.351275713,0.035415517849054,-0.11996043681324874,0.32345408662901914
1.401309882,0.035415517849054,-0.11996043681324874,0.32345408662901914
1.451314061,0.035415517849054,-0.11996043681324874,0.32345408662901914
1.50134659,0.035415517849054,-0.11996043681324874,0.32345408662901914
1.551300839,0.035415517849054,-0.11996043681324874,0.32345408662901914
1.601321518,0.035415517849054,-0.11996043681324874,0.32345408662901914
1.651305056,0.035415517849054,-0.11996043681324874,0.32345408662901914
1.701321255,0.035415517849054,-0.11996043681324874,0.32345408662901914
1.751306224,0.035415517849054,-0.11996043681324874,0.32345408662901914
1.801354804,0.035415517849054,-0.11996043681324874,0.32345408662901914
1.851362963,0.035415517849054,-0.11996043681324874,0.32345408662901914
1.901387862,0.03541727666473425,-0.11941946537482195,0.32345221296217774
1.95135207,0.03542132318652527,-0.11863692216544747,0.32344790831957415
2.001323489,0.03542666646288227,-0.11757224112271261,0.3234422625632694
2.051367568,0.03542666646288227,-0.11757224112271261,0.3234422625632694
2.101370747,0.03543021296694215,-0.11704035210353338,0.32343853008502976
2.151351785,0.035434904765068484,-0.11598919939766629,0.32343363089293176
2.201522347,0.035434904765068484,-0.11598919939766629,0.32343363089293176
2.251356243,0.03543843878391603,-0.11544675787944514,0.3234299540324088
2.301427433,0.03544195745019698,-0.11465017824290334,0.32342631831529706
2.351377321,0.03544599509871525,-0.11385791015087583,0.32342216427241105
2.401370829,0.03544599509871525,-0.11385791015087583,0.32342216427241105
2.451390529,0.03545161135414228,-0.11279479935679024,0.32341642256516684
2.501202684,0.03545680226567719,-0.11199736585406442,0.32341114476831256
2.551381526,0.03545680226567719,-0.11199736585406442,0.32341114476831256
2.601332434,0.03545873302306882,-0.11145814332100884,0.3234091983413281
2.651282892,0.03546559098868997,-0.11040477851938921,0.32340229732077475
2.70121843,0.035465592756616676,-0.11040461204257485,0.323402295542461
2.751226668,0.035465592756616676,-0.11040461204257485,0.323402295542461
2.801127835,0.035465592756616676,-0.11040461204257485,0.323402295542461
2.851181775,0.035465592756616676,-0.11040461204257485,0.323402295542461
2.901319046,0.035465592756616676,-0.11040461204257485,0.323402295542461
2.951269714,0.035465592756616676,-0.11040461204257485,0.323402295542461
3.001140271,0.035465592756616676,-0.11040461204257485,0.323402295542461
3.05115994,0.035465592756616676,-0.11040461204257485,0.323402295542461
3.10127338,0.035465592756616676,-0.11040461204257485,0.323402295542461
3.151229338,0.035465592756616676,-0.11040461204257485,0.323402295542461
3.201374189,0.035465592756616676,-0.11040461204257485,0.323402295542461
3.251359538,0.035465592756616676,-0.11040461204257485,0.323402295542461
3.301384057,0.035465592756616676,-0.11040461204257485,0.323402295542461
3.351295344,0.03466731167667672,-0.11040210382187043,0.3234022637043133
3.401237642,0.03386842106165235,-0.11039866008582382,0.32340221416796067
3.451323812,0.03386842106165235,-0.11039866008582382,0.32340221416796067
3.501344721,0.033329890197254845,-0.1103973572973588,0.3234021922092569
3.551324469,0.03227266075595011,-0.11039272850858264,0.32340210681558496
3.601349158,0.03227266075595011,-0.11039272850858264,0.32340210681558496
3.651333647,0.03173269047294502,-0.11039142204911391,0.323402078434638
3.701331285,0.0306756260512189,-0.11038680586870389,0.3234019698450171
3.75113122,0.03047549636023748,-0.11038662690469754,0.32340196497713725
3.801381623,0.03047549636023748,-0.11038662690469754,0.32340196497713725
3.851290711,0.029350750260318963,-0.11038249510288953,0.32340184807308586
3.90130993,0.028878335312935165,-0.11038072194147697,0.3234017940961909
3.951320408,0.028878335312935165,-0.11038072194147697,0.3234017940961909
4.001254096,0.027753906406326752,-0.11037660590492401,0.32340165222217665
4.051329136,0.027481750857209997,-0.11037501797392288,0.32340159429648396
4.101271163,0.026427786254521773,-0.11037165804692203,0.3234014580119989
4.151336513,0.026427786254521773,-0.11037165804692203,0.3234014580119989
4.201395382,0.025884382946495595,-0.11036915425481693,0.323401349317067
4.251237728,0.024831596282424352,-0.11036581457891105,0.32340118952463115
4.301237057,0.024831596282424352,-0.11036581457891105,0.32340118952463115
4.351260976,0.024287067558907367,-0.11036331582272632,0.3234010622751017
4.401195864,0.024287067558907367,-0.11036331582272632,0.3234010622751017
4.451132191,0.024287067558907367,-0.11036331582272632,0.3234010622751017
4.500967047,0.024287067558907367,-0.11036331582272632,0.3234010622751017
4.550964235,0.024287067558907367,-0.11036331582272632,0.3234010622751017
4.601240208,0.024287067558907367,-0.11036331582272632,0.3234010622751017
4.651214027,0.024287067558907367,-0.11036331582272632,0.3234010622751017
4.701271196,0.024287067558907367,-0.11036331582272632,0.3234010622751017
4.751237614,0.024287067558907367,-0.11036331582272632,0.3234010622751017
4.801126681,0.024287067558907367,-0.11036331582272632,0.3234010622751017
4.851467965,0.024287067558907367,-0.11036331582272632,0.3234010622751017
4.901301961,0.024287067558907367,-0.11036331582272632,0.3234010622751017
4.951211098,0.024289151296633657,-0.11036130537009511,0.32260266919946123
5.001259727,0.024289151296633657,-0.11036130537009511,0.32260266919946123
5.051376688,0.024291125451690584,-0.1103594006460755,0.32209326483424483
5.101270434,0.024293207721550348,-0.11035739160970662,0.3212949761580538
5.151206712,0.02429606863144574,-0.11035463131806655,0.32049625980010754
5.201245581,0.02429606863144574,-0.11035463131806655,0.32049625980010754
5.25125115,0.024297158917511854,-0.11035357937741326,0.3199561916504099
5.301268859,0.024300125481863506,-0.11035071714719187,0.31918866309440397
5.351321408,0.024300125481863506,-0.11035071714719187,0.31918866309440397
5.401470679,0.024301216227813324,-0.11034966476283363,0.3186485692126678
5.451282954,0.02430506539259539,-0.11034595097328971,0.31759264322131386
5.501265312,0.02430522163981216,-0.11034580022129836,0.317391356727813
5.551283291,0.02430522163981216,-0.11034580022129836,0.317391356727813
5.60130218,0.024309132386079606,-0.11034202701610157,0.3162840343311235
5.651220887,0.02430928212488099,-0.11034188254362445,0.3160840722410196
5.701427909,0.02430928212488099,-0.11034188254362445,0.3160840722410196
5.751291595,0.024311959781125336,-0.11033929906064863,0.3152325322969879
5.801283774,0.02431408553392775,-0.11033724807062922,0.3146872087978698
5.851227041,0.024316168039384113,-0.11033523880696852,0.31389008176111083
5.901277531,0.024316168039384113,-0.11033523880696852,0.31389008176111083
5.951289169,0.02431815232112208,-0.1103333243124501,0.3133805201990088
6.001541452,0.02432024454614163,-0.11033130567105086,0.31258211707056793
6.051325156,0.02432024454614163,-0.11033130567105086,0.31258211707056793
6.101307255,0.02432311727206934,-0.1103285339789346,0.3117838087474699
6.151425025,0.024324212175162202,-0.11032747758361863,0.3112441881159189
6.201269921,0.024327593393573994,-0.11032421528268761,0.310192328562314
6.251415471,0.024327593393573994,-0.11032421528268761,0.310192328562314
6.301323088,0.024330053058836877,-0.11032184212385568,0.3093932339028548
6.351353177,0.024333877546619413,-0.11031815214326028,0.30832702713271076
6.401426766,0.024333877546619413,-0.11031815214326028,0.30832702713271076
6.451285332,0.02433498390752455,-0.11031708469306704,0.30778576406148495
6.50126589,0.024338379128447107,-0.11031380888197359,0.3067343111634032
6.551296999,0.024340848418759414,-0.11031142643650839,0.3059355961527153
6.601358119,0.024340848418759414,-0.11031142643650839,0.3059355961527153
6.651415848,0.02434415183867298,-0.11030823919770619,0.30486975032255637
6.701195633,0.024345518098279884,-0.11030692098935131,0.30460310619485054
6.751565737,0.024345518098279884,-0.11030692098935131,0.30460310619485054
6.801446873,0.02434838809636506,-0.11030415192890228,0.30355064224097883
6.851315079,0.024350537442752705,-0.11030207817483512,0.30300741852342267
6.901295467,0.024353416437005324,-0.11029930043453517,0.30195493135611473
6.951216184,0.024353416437005324,-0.11029930043453517,0.30195493135611473
7.001088301,0.02435557206633973,-0.11029722061843161,0.3014112778371687
7.05114949,0.02435557206633973,-0.11029722061843161,0.3014112778371687
7.101128648,0.02435557206633973,-0.11029722061843161,0.3014112778371687
7.151060365,0.02435557206633973,-0.11029722061843161,0.3014112778371687
7.201071773,0.02435557206633973,-0.11029722061843161,0.3014112778371687
7.251076412,0.02435557206633973,-0.11029722061843161,0.3014112778371687
7.30103166,0.02435557206633973,-0.11029722061843161,0.3014112778371687
7.351094299,0.02435557206633973,-0.11029722061843161,0.3014112778371687
7.401057656,0.02435557206633973,-0.11029722061843161,0.3014112778371687
7.451128386,0.02435557206633973,-0.11029722061843161,0.3014112778371687
7.501105734,0.024353810171332774,-0.1097571731068645,0.3014129230173436
7.551077882,0.02435361925359672,-0.10870002041336811,0.30141310129629917
7.60107857,0.024351823545069987,-0.10815845942665124,0.3014147769366055
7.651054998,0.024351823545069987,-0.10815845942665124,0.3014147769366055
7.701380272,0.024351630331073213,-0.10710195021574467,0.30141495730593537
7.751443861,0.024350445206363796,-0.10690083174520443,0.30141606057370507
7.80146982,0.024350445206363796,-0.10690083174520443,0.30141606057370507
7.851396617,0.024349434624945293,-0.10604756433341984,0.3014170048518908
7.901434526,0.024348389696742766,-0.10530304438897126,0.3014179776965856
7.951299302,0.024347357120594607,-0.10444936862521462,0.30141894258882096
8.001359541,0.024347357120594607,-0.10444936862521462,0.30141894258882096
8.051167956,0.024347524349083403,-0.10390552134360384,0.3014187873118086
8.101106503,0.02434566600879883,-0.10310638074028725,0.30142052159679544
8.151376466,0.02434566600879883,-0.10310638074028725,0.30142052159679544
8.201293123,0.024345404383099796,-0.10230757855051259,0.30142076523229944
8.251445013,0.024343504071659798,-0.10150820696252483,0.3014225398218582
8.301207208,0.024343236238913962,-0.10070924396118423,0.301422789443765
8.351292087,0.024343236238913962,-0.10070924396118423,0.301422789443765
8.401336106,0.024341233563769854,-0.10016773157200387,0.3014246606518264
8.451307014,0.024341016742411188,-0.09911104041874096,0.30142486391434753
8.501328803,0.024341016742411188,-0.09911104041874096,0.30142486391434753
8.551587235,0.024338965154700812,-0.09856958915155427,0.3014267838221037
8.601283718,0.0243387426538388,-0.09751276444023145,0.3014269929164654
8.651268806,0.02433738295067047,-0.09731160952017916,0.3014282646663957
8.701282805,0.02433738295067047,-0.09731160952017916,0.3014282646663957
8.751323563,0.02433568176038529,-0.09618582891142831,0.30142986498301183
8.801367782,0.02433501662952367,-0.09571334343333773,0.3014304884673149
8.8513612,0.02433501662952367,-0.09571334343333773,0.3014304884673149
8.901403859,0.024333270883206724,-0.09458657001168386,0.3014321361338105
8.951329606,0.024334020120094453,-0.0943150575046574,0.3014314309191138
9.001151811,0.02433136431300965,-0.09326029203168013,0.3014339387689718
9.051309502,0.02433136431300965,-0.09326029203168013,0.3014339387689718
9.10130521,0.024331562444945627,-0.09271640348705935,0.3014337528022286
9.151451941,0.024328830565447643,-0.09166185329395517,0.30143634488660126
9.201296397,0.024328830565447643,-0.09166185329395517,0.30143634488660126
9.251275905,0.024329036843531923,-0.09111759110308196,0.3014361504042835
9.301325133,0.024326762509524702,-0.0903177886257195,0.3014383222380601
9.351122008,0.024326438965487276,-0.08951902249551945,0.30143863144748323
9.401300569,0.024326438965487276,-0.08951902249551945,0.30143863144748323
9.451357438,0.024326438965487276,-0.08951902249551945,0.30143863144748323
9.501269175,0.024326438965487276,-0.08951902249551945,0.30143863144748323
9.551336755,0.024326438965487276,-0.08951902249551945,0.30143863144748323
9.601373053,0.024326438965487276,-0.08951902249551945,0.30143863144748323
9.651349241,0.024326438965487276,-0.08951902249551945,0.30143863144748323
9.701165326,0.024326438965487276,-0.08951902249551945,0.30143863144748323
9.751323586,0.024326438965487276,-0.08951902249551945,0.30143863144748323
9.801294844,0.024326438965487276,-0.08951902249551945,0.30143863144748323
9.851247491,0.024326438965487276,-0.08951902249551945,0.30143863144748323
9.901321701,0.024326438965487276,-0.08951902249551945,0.30143863144748323
9.951448731,0.024326438965487276,-0.08951902249551945,0.30143863144748323
10.001353297,0.024326438965487276,-0.08951902249551945,0.30143863144748323
10.051349435,0.024126115915809453,-0.08951881753998381,0.30143861054443555
10.101304962,0.024126115915809453,-0.08951881753998381,0.30143861054443555
10.151347421,0.023000756408515163,-0.08951409966299678,0.30143811616649296
10.201267818,0.022528532443881207,-0.08951208565373754,0.30143789402711635
10.251396418,0.022528532443881207,-0.08951208565373754,0.30143789402711635
10.301409096,0.021403498829046103,-0.08950743739322446,0.3014373340957621
10.351301823,0.021131588539344798,-0.08950565262763238,0.301437110150204
10.40126979,0.02007848401015706,-0.08950190357656566,0.3014366020811893
10.451317749,0.02007848401015706,-0.08950190357656566,0.3014366020811893
10.501301277,0.019534005778258694,-0.08949911378646863,0.3014362046642023
10.551296504,0.018480574643271824,-0.08949542250658865,0.3014356394795668
10.601292972,0.018480574643271824,-0.08949542250658865,0.3014356394795668
10.651351351,0.017935945169490264,-0.08949267586858675,0.30143519878849584
10.701329559,0.017137338532609226,-0.08948999902271185,0.30143474256991887
10.751352807,0.01633827518300935,-0.08948634728494749,0.30143409135288046
10.801264784,0.01633827518300935,-0.08948634728494749,0.30143409135288046
10.851265652,0.015539760901068927,-0.08948371678626518,0.3014335917772262
10.901078597,0.014740393866982442,-0.08948012759486726,0.3014328803694845
10.951168676,0.014740393866982442,-0.08948012759486726,0.3014328803694845
11.001079112,0.014200111646579486,-0.0894787743066423,0.30143259641643216
11.051158221,0.013142584248442253,-0.08947402048165642,0.3014315651409125
11.10121023,0.012602254485386552,-0.08947269206193201,0.3014312580436163
11.15130796,0.012602254485386552,-0.08947269206193201,0.3014312580436163
11.201305438,0.011544853797778431,-0.08946802845570481,0.3014301453470129
11.251200384,0.011344635553553391,-0.08946784853549754,0.30143009975110546
11.301345804,0.011344635553553391,-0.08946784853549754,0.30143009975110546
11.351353402,0.01049162148947519,-0.08946465614339368,0.30142928366944843
11.401260479,0.009946854301101631,-0.08946214994401236,0.3014286202083495
11.451229846,0.009946854301101631,-0.08946214994401236,0.3014286202083495
11.501402627,0.009946854301101631,-0.08946214994401236,0.3014286202083495
11.551372724,0.009946854301101631,-0.08946214994401236,0.3014286202083495
11.601149539,0.009946854301101631,-0.08946214994401236,0.3014286202083495
11.65136502,0.009946854301101631,-0.08946214994401236,0.3014286202083495
11.701314777,0.009946854301101631,-0.08946214994401236,0.3014286202083495
11.751271904,0.009946854301101631,-0.08946214994401236,0.3014286202083495
11.801262982,0.009946854301101631,-0.08946214994401236,0.3014286202083495
11.85128151,0.009946854301101631,-0.08946214994401236,0.3014286202083495
11.901411401,0.009946854301101631,-0.08946214994401236,0.3014286202083495
11.951209885,0.009946854301101631,-0.08946214994401236,0.3014286202083495
12.001454257,0.009946854301101631,-0.08946214994401236,0.3014286202083495
12.051321483,0.010486689017348099,-0.08946087410704731,0.3014282670202096
12.10129873,0.01154262994561528,-0.08945633757352837,0.30142704693144173
12.151245897,0.011742553678666497,-0.0894561591146761,0.30142700165039416
12.201310496,0.011742553678666497,-0.0894561591146761,0.30142700165039416
12.251542988,0.01286626426655657,-0.08945201873727135,0.3014259681792937
12.30118884,0.01333764760799693,-0.08945022961618608,0.30142553587763754
12.35135843,0.01333764760799693,-0.08945022961618608,0.30142553587763754
12.401335208,0.014461465744404907,-0.08944600896184778,0.30142457516073484
12.451330335,0.014733274637364391,-0.08944436994149052,0.30142421286711174
12.501202191,0.015785643358903874,-0.08944085903608451,0.30142348092175597
12.551359721,0.015785643358903874,-0.08944085903608451,0.30142348092175597
12.601321009,0.01632875065535508,-0.08943821479438985,0.3014229514477095
12.651165684,0.01738043043634442,-0.08943464341019214,0.3014222792414842
12.701370185,0.01738043043634442,-0.08943464341019214,0.3014222792414842
12.751317282,0.01792396711039154,-0.0894319499598058,0.3014217934703548
12.801430992,0.018721600446151045,-0.08942927472238751,0.30142133826253237
12.851200506,0.01951939415671275,-0.08942557521566127,0.30142073731586416
12.901373696,0.01951939415671275,-0.08942557521566127,0.30142073731586416
12.951427895,0.020316521881732736,-0.08942285879772587,0.30142032518130757
13.001289151,0.021114588113398038,-0.08941909644299542,0.30141978187420737
13.051813627,0.021114588113398038,-0.08941909644299542,0.30141978187420737
13.101275886,0.021655103123031105,-0.08941764572595394,0.3014195864619832
13.151316994,0.022710222269407537,-0.08941251211950954,0.30141892429745154
13.20118566,0.023250482763360492,-0.08941104080246097,0.3014187503882715
13.25135012,0.023250482763360492,-0.08941104080246097,0.3014187503882715
13.301463419,0.024306125709921935,-0.08940582840561342,0.30141816231090524
13.351330145,0.02450592598687751,-0.08940562436593512,0.30141814136096556
13.401436115,0.02450592598687751,-0.08940562436593512,0.30141814136096556
13.451391502,0.025357970032411525,-0.08940196359235089,0.30141777074806936
13.501281378,0.02610189468358024,-0.08939884546814748,0.30141747475902325
13.551165743,0.026953768893214467,-0.08939513670115781,0.301417152606886
13.601370174,0.026953768893214467,-0.08939513670115781,0.301417152606886
13.651297181,0.027497452474209892,-0.08939218900328669,0.30141691255255953
13.701250018,0.028295004265175356,-0.08938927137204006,0.30141669533521476
13.751353487,0.028295004265175356,-0.08938927137204006,0.30141669533521476
13.801296244,0.029093048899267344,-0.08938524298875782,0.3014164165038944
13.851264591,0.029093048899267344,-0.08938524298875782,0.3014164165038944
13.901166557,0.029093048899267344,-0.08938524298875782,0.3014164165038944
13.951394809,0.029093048899267344,-0.08938524298875782,0.3014164165038944
14.001282595,0.029093048899267344,-0.08938524298875782,0.3014164165038944
14.051279362,0.029093048899267344,-0.08938524298875782,0.3014164165038944
14.101318301,0.029093048899267344,-0.08938524298875782,0.3014164165038944
14.151260967,0.029093048899267344,-0.08938524298875782,0.3014164165038944
14.201286315,0.029093048899267344,-0.08938524298875782,0.3014164165038944
14.2511182,0.029093048899267344,-0.08938524298875782,0.3014164165038944
14.301285331,0.029093048899267344,-0.08938524298875782,0.3014164165038944
14.351427211,0.029093048899267344,-0.08938524298875782,0.3014164165038944
14.401897336,0.029093048899267344,-0.08938524298875782,0.3014164165038944
14.451495047,0.029093048899267344,-0.08938524298875782,0.3014164165038944
14.501005586,0.029093048899267344,-0.08938524298875782,0.3014164165038944
14.551107536,0.029093048899267344,-0.08938524298875782,0.3014164165038944
14.601444959,0.029093048899267344,-0.08938524298875782,0.3014164165038944
14.6510401,0.029093048899267344,-0.08938524298875782,0.3014164165038944
14.700942116,0.029093048899267344,-0.08938524298875782,0.3014164165038944
14.751002984,0.029093048899267344,-0.08938524298875782,0.3014164165038944
14.801003912,0.029093048899267344,-0.08938524298875782,0.3014164165038944
14.851509518,0.029093048899267344,-0.08938524298875782,0.3014164165038944
14.901031888,0.029093048899267344,-0.08938524298875782,0.3014164165038944
14.950749201,0.029093048899267344,-0.08938524298875782,0.3014164165038944
15.001249767,0.029093048899267344,-0.08938524298875782,0.3014164165038944
15.051222393,0.029093048899267344,-0.08938524298875782,0.3014164165038944
15.101324343,0.029093048899267344,-0.08938524298875782,0.3014164165038944
15.15131457,0.029093048899267344,-0.08938524298875782,0.3014164165038944
15.201233946,0.029093048899267344,-0.08938524298875782,0.3014164165038944
